types,abilities,count,type_ability
bug,adaptability,1,bug & adaptability
bug,aerilate,1,bug & aerilate
bug,anticipation,3,bug & anticipation
bug,battery,1,bug & battery
bug,battle-armor,3,bug & battle-armor
bug,beast-boost,2,bug & beast-boost
bug,chlorophyll,3,bug & chlorophyll
bug,compound-eyes,13,bug & compound-eyes
bug,contrary,1,bug & contrary
bug,damp,2,bug & damp
bug,download,1,bug & download
bug,dry-skin,2,bug & dry-skin
bug,early-bird,2,bug & early-bird
bug,effect-spore,2,bug & effect-spore
bug,emergency-exit,1,bug & emergency-exit
bug,flame-body,5,bug & flame-body
bug,flash-fire,3,bug & flash-fire
bug,friend-guard,3,bug & friend-guard
bug,frisk,4,bug & frisk
bug,gluttony,1,bug & gluttony
bug,guts,1,bug & guts
bug,honey-gather,4,bug & honey-gather
bug,hustle,2,bug & hustle
bug,hydration,2,bug & hydration
bug,hyper-cutter,1,bug & hyper-cutter
bug,ice-scales,2,bug & ice-scales
bug,illuminate,1,bug & illuminate
bug,infiltrator,1,bug & infiltrator
bug,insomnia,4,bug & insomnia
bug,intimidate,1,bug & intimidate
bug,iron-fist,1,bug & iron-fist
bug,keen-eye,1,bug & keen-eye
bug,leaf-guard,1,bug & leaf-guard
bug,levitate,2,bug & levitate
bug,light-metal,1,bug & light-metal
bug,mold-breaker,1,bug & mold-breaker
bug,moxie,2,bug & moxie
bug,no-guard,1,bug & no-guard
bug,oblivious,1,bug & oblivious
bug,overcoat,11,bug & overcoat
bug,poison-point,3,bug & poison-point
bug,prankster,2,bug & prankster
bug,pressure,1,bug & pressure
bug,protosynthesis,2,bug & protosynthesis
bug,rain-dish,1,bug & rain-dish
bug,rattled,1,bug & rattled
bug,rivalry,1,bug & rivalry
bug,run-away,6,bug & run-away
bug,sharpness,1,bug & sharpness
bug,shed-skin,9,bug & shed-skin
bug,sheer-force,1,bug & sheer-force
bug,shell-armor,4,bug & shell-armor
bug,shield-dust,12,bug & shield-dust
bug,skill-link,1,bug & skill-link
bug,sniper,4,bug & sniper
bug,speed-boost,6,bug & speed-boost
bug,stakeout,2,bug & stakeout
bug,steadfast,1,bug & steadfast
bug,sticky-hold,1,bug & sticky-hold
bug,sturdy,5,bug & sturdy
bug,swarm,32,bug & swarm
bug,sweet-veil,3,bug & sweet-veil
bug,swift-swim,3,bug & swift-swim
bug,synchronize,1,bug & synchronize
bug,technician,4,bug & technician
bug,telepathy,5,bug & telepathy
bug,tinted-lens,9,bug & tinted-lens
bug,truant,1,bug & truant
bug,unburden,1,bug & unburden
bug,unnerve,4,bug & unnerve
bug,water-absorb,3,bug & water-absorb
bug,water-bubble,3,bug & water-bubble
bug,weak-armor,2,bug & weak-armor
bug,white-smoke,3,bug & white-smoke
bug,wimp-out,1,bug & wimp-out
bug,wonder-guard,1,bug & wonder-guard
bug,wonder-skin,1,bug & wonder-skin
dark,adaptability,1,dark & adaptability
dark,aftermath,2,dark & aftermath
dark,anger-point,3,dark & anger-point
dark,bad-dreams,1,dark & bad-dreams
dark,battle-armor,1,dark & battle-armor
dark,battle-bond,2,dark & battle-bond
dark,beads-of-ruin,2,dark & beads-of-ruin
dark,beast-boost,1,dark & beast-boost
dark,berserk,1,dark & berserk
dark,big-pecks,3,dark & big-pecks
dark,blaze,1,dark & blaze
dark,chlorophyll,2,dark & chlorophyll
dark,contrary,2,dark & contrary
dark,dark-aura,1,dark & dark-aura
dark,defiant,4,dark & defiant
dark,early-bird,3,dark & early-bird
dark,flash-fire,2,dark & flash-fire
dark,frisk,4,dark & frisk
dark,fur-coat,1,dark & fur-coat
dark,gluttony,7,dark & gluttony
dark,guard-dog,1,dark & guard-dog
dark,guts,1,dark & guts
dark,hunger-switch,2,dark & hunger-switch
dark,hustle,5,dark & hustle
dark,hyper-cutter,1,dark & hyper-cutter
dark,illusion,2,dark & illusion
dark,infiltrator,3,dark & infiltrator
dark,inner-focus,4,dark & inner-focus
dark,insomnia,2,dark & insomnia
dark,intimidate,11,dark & intimidate
dark,iron-fist,1,dark & iron-fist
dark,justified,1,dark & justified
dark,keen-eye,6,dark & keen-eye
dark,leaf-guard,2,dark & leaf-guard
dark,levitate,1,dark & levitate
dark,limber,2,dark & limber
dark,magic-bounce,2,dark & magic-bounce
dark,magician,1,dark & magician
dark,mold-breaker,2,dark & mold-breaker
dark,moxie,7,dark & moxie
dark,overcoat,2,dark & overcoat
dark,overgrow,1,dark & overgrow
dark,pickpocket,8,dark & pickpocket
dark,pickup,3,dark & pickup
dark,poison-point,2,dark & poison-point
dark,poison-touch,2,dark & poison-touch
dark,power-of-alchemy,2,dark & power-of-alchemy
dark,prankster,8,dark & prankster
dark,pressure,6,dark & pressure
dark,protean,2,dark & protean
dark,protosynthesis,4,dark & protosynthesis
dark,quark-drive,2,dark & quark-drive
dark,quick-feet,4,dark & quick-feet
dark,rattled,3,dark & rattled
dark,reckless,1,dark & reckless
dark,rocky-payload,1,dark & rocky-payload
dark,rough-skin,2,dark & rough-skin
dark,run-away,4,dark & run-away
dark,sand-stream,2,dark & sand-stream
dark,sand-veil,1,dark & sand-veil
dark,scrappy,1,dark & scrappy
dark,sharpness,1,dark & sharpness
dark,shed-skin,2,dark & shed-skin
dark,shell-armor,1,dark & shell-armor
dark,sniper,1,dark & sniper
dark,solar-power,1,dark & solar-power
dark,speed-boost,2,dark & speed-boost
dark,stakeout,4,dark & stakeout
dark,stall,1,dark & stall
dark,stench,2,dark & stench
dark,strong-jaw,1,dark & strong-jaw
dark,suction-cups,2,dark & suction-cups
dark,super-luck,3,dark & super-luck
dark,supreme-overlord,1,dark & supreme-overlord
dark,swarm,1,dark & swarm
dark,swift-swim,2,dark & swift-swim
dark,sword-of-ruin,2,dark & sword-of-ruin
dark,synchronize,1,dark & synchronize
dark,tablets-of-ruin,2,dark & tablets-of-ruin
dark,technician,2,dark & technician
dark,thick-fat,3,dark & thick-fat
dark,tinted-lens,1,dark & tinted-lens
dark,torrent,2,dark & torrent
dark,unburden,4,dark & unburden
dark,unnerve,3,dark & unnerve
dark,unseen-fist,2,dark & unseen-fist
dark,vessel-of-ruin,2,dark & vessel-of-ruin
dark,water-absorb,1,dark & water-absorb
dark,weak-armor,2,dark & weak-armor
dark,wind-rider,1,dark & wind-rider
dragon,adaptability,1,dragon & adaptability
dragon,aerilate,1,dragon & aerilate
dragon,air-lock,1,dragon & air-lock
dragon,aura-break,2,dragon & aura-break
dragon,beast-boost,2,dragon & beast-boost
dragon,berserk,1,dragon & berserk
dragon,bulletproof,5,dragon & bulletproof
dragon,clear-body,3,dragon & clear-body
dragon,cloud-nine,2,dragon & cloud-nine
dragon,commander,3,dragon & commander
dragon,cursed-body,3,dragon & cursed-body
dragon,damp,1,dragon & damp
dragon,delta-stream,1,dragon & delta-stream
dragon,dragons-maw,1,dragon & dragons-maw
dragon,frisk,3,dragon & frisk
dragon,gluttony,6,dragon & gluttony
dragon,gooey,5,dragon & gooey
dragon,hadron-engine,10,dragon & hadron-engine
dragon,harvest,1,dragon & harvest
dragon,heavy-metal,2,dragon & heavy-metal
dragon,hustle,5,dragon & hustle
dragon,hydration,3,dragon & hydration
dragon,ice-body,3,dragon & ice-body
dragon,infiltrator,5,dragon & infiltrator
dragon,inner-focus,1,dragon & inner-focus
dragon,intimidate,1,dragon & intimidate
dragon,levitate,8,dragon & levitate
dragon,light-metal,2,dragon & light-metal
dragon,lightning-rod,1,dragon & lightning-rod
dragon,marvel-scale,2,dragon & marvel-scale
dragon,mold-breaker,5,dragon & mold-breaker
dragon,moxie,1,dragon & moxie
dragon,multiscale,1,dragon & multiscale
dragon,natural-cure,1,dragon & natural-cure
dragon,neuroforce,1,dragon & neuroforce
dragon,orichalcum-pulse,10,dragon & orichalcum-pulse
dragon,overcoat,5,dragon & overcoat
dragon,pixilate,1,dragon & pixilate
dragon,poison-point,1,dragon & poison-point
dragon,poison-touch,1,dragon & poison-touch
dragon,power-construct,3,dragon & power-construct
dragon,pressure,8,dragon & pressure
dragon,protosynthesis,6,dragon & protosynthesis
dragon,regenerator,2,dragon & regenerator
dragon,ripen,5,dragon & ripen
dragon,rivalry,3,dragon & rivalry
dragon,rock-head,3,dragon & rock-head
dragon,rough-skin,4,dragon & rough-skin
dragon,sand-force,1,dragon & sand-force
dragon,sand-rush,2,dragon & sand-rush
dragon,sand-veil,3,dragon & sand-veil
dragon,sap-sipper,6,dragon & sap-sipper
dragon,shed-skin,3,dragon & shed-skin
dragon,sheer-force,2,dragon & sheer-force
dragon,shell-armor,3,dragon & shell-armor
dragon,sniper,1,dragon & sniper
dragon,soundproof,4,dragon & soundproof
dragon,stalwart,3,dragon & stalwart
dragon,stamina,1,dragon & stamina
dragon,sticky-hold,2,dragon & sticky-hold
dragon,storm-drain,3,dragon & storm-drain
dragon,strong-jaw,3,dragon & strong-jaw
dragon,sturdy,2,dragon & sturdy
dragon,supersweet-syrup,2,dragon & supersweet-syrup
dragon,swift-swim,1,dragon & swift-swim
dragon,telepathy,7,dragon & telepathy
dragon,teravolt,2,dragon & teravolt
dragon,thermal-exchange,3,dragon & thermal-exchange
dragon,thick-fat,2,dragon & thick-fat
dragon,tough-claws,1,dragon & tough-claws
dragon,turboblaze,2,dragon & turboblaze
dragon,unnerve,3,dragon & unnerve
dragon,volt-absorb,1,dragon & volt-absorb
dragon,water-absorb,1,dragon & water-absorb
electric,aftermath,4,electric & aftermath
electric,analytic,3,electric & analytic
electric,ball-fetch,1,electric & ball-fetch
electric,battery,1,electric & battery
electric,beast-boost,1,electric & beast-boost
electric,cheek-pouch,1,electric & cheek-pouch
electric,competitive,3,electric & competitive
electric,compound-eyes,2,electric & compound-eyes
electric,damp,2,electric & damp
electric,dancer,1,electric & dancer
electric,defiant,1,electric & defiant
electric,dry-skin,2,electric & dry-skin
electric,electric-surge,2,electric & electric-surge
electric,electromorphosis,1,electric & electromorphosis
electric,galvanize,3,electric & galvanize
electric,guts,3,electric & guts
electric,hadron-engine,10,electric & hadron-engine
electric,hunger-switch,2,electric & hunger-switch
electric,hustle,1,electric & hustle
electric,illuminate,2,electric & illuminate
electric,inner-focus,1,electric & inner-focus
electric,intimidate,4,electric & intimidate
electric,iron-barbs,2,electric & iron-barbs
electric,iron-fist,3,electric & iron-fist
electric,klutz,1,electric & klutz
electric,levitate,11,electric & levitate
electric,lightning-rod,27,electric & lightning-rod
electric,limber,1,electric & limber
electric,magnet-pull,6,electric & magnet-pull
electric,minus,5,electric & minus
electric,mold-breaker,1,electric & mold-breaker
electric,motor-drive,4,electric & motor-drive
electric,natural-cure,3,electric & natural-cure
electric,own-tempo,1,electric & own-tempo
electric,pickup,2,electric & pickup
electric,plus,7,electric & plus
electric,prankster,1,electric & prankster
electric,pressure,2,electric & pressure
electric,protosynthesis,3,electric & protosynthesis
electric,punk-rock,4,electric & punk-rock
electric,quark-drive,4,electric & quark-drive
electric,quick-feet,1,electric & quick-feet
electric,rattled,2,electric & rattled
electric,rivalry,3,electric & rivalry
electric,run-away,1,electric & run-away
electric,sand-rush,1,electric & sand-rush
electric,sand-veil,3,electric & sand-veil
electric,sap-sipper,2,electric & sap-sipper
electric,slush-rush,1,electric & slush-rush
electric,solar-power,2,electric & solar-power
electric,soundproof,4,electric & soundproof
electric,static,38,electric & static
electric,strong-jaw,1,electric & strong-jaw
electric,sturdy,8,electric & sturdy
electric,surge-surfer,1,electric & surge-surfer
electric,swarm,2,electric & swarm
electric,technician,4,electric & technician
electric,telepathy,1,electric & telepathy
electric,teravolt,1,electric & teravolt
electric,transistor,1,electric & transistor
electric,unnerve,2,electric & unnerve
electric,vital-spirit,3,electric & vital-spirit
electric,volt-absorb,13,electric & volt-absorb
electric,water-absorb,2,electric & water-absorb
electric,wind-power,2,electric & wind-power
fairy,anticipation,3,fairy & anticipation
fairy,aroma-veil,6,fairy & aroma-veil
fairy,cheek-pouch,1,fairy & cheek-pouch
fairy,chlorophyll,2,fairy & chlorophyll
fairy,clear-body,2,fairy & clear-body
fairy,competitive,3,fairy & competitive
fairy,contrary,1,fairy & contrary
fairy,cute-charm,8,fairy & cute-charm
fairy,disguise,4,fairy & disguise
fairy,effect-spore,2,fairy & effect-spore
fairy,electric-surge,1,fairy & electric-surge
fairy,fairy-aura,1,fairy & fairy-aura
fairy,filter,2,fairy & filter
fairy,flower-veil,5,fairy & flower-veil
fairy,friend-guard,4,fairy & friend-guard
fairy,frisk,5,fairy & frisk
fairy,grassy-surge,1,fairy & grassy-surge
fairy,healer,5,fairy & healer
fairy,honey-gather,3,fairy & honey-gather
fairy,huge-power,4,fairy & huge-power
fairy,hustle,3,fairy & hustle
fairy,hyper-cutter,1,fairy & hyper-cutter
fairy,illuminate,2,fairy & illuminate
fairy,infiltrator,2,fairy & infiltrator
fairy,intimidate,3,fairy & intimidate
fairy,intrepid-sword,2,fairy & intrepid-sword
fairy,klutz,1,fairy & klutz
fairy,levitate,1,fairy & levitate
fairy,liquid-voice,1,fairy & liquid-voice
fairy,magic-bounce,3,fairy & magic-bounce
fairy,magic-guard,3,fairy & magic-guard
fairy,magician,1,fairy & magician
fairy,misty-surge,2,fairy & misty-surge
fairy,mold-breaker,3,fairy & mold-breaker
fairy,natural-cure,1,fairy & natural-cure
fairy,neutralizing-gas,1,fairy & neutralizing-gas
fairy,overcoat,1,fairy & overcoat
fairy,own-tempo,4,fairy & own-tempo
fairy,pastel-veil,1,fairy & pastel-veil
fairy,pickpocket,7,fairy & pickpocket
fairy,pickup,1,fairy & pickup
fairy,pixilate,3,fairy & pixilate
fairy,plus,1,fairy & plus
fairy,prankster,7,fairy & prankster
fairy,protosynthesis,4,fairy & protosynthesis
fairy,psychic-surge,1,fairy & psychic-surge
fairy,quark-drive,2,fairy & quark-drive
fairy,quick-feet,1,fairy & quick-feet
fairy,rain-dish,2,fairy & rain-dish
fairy,rattled,2,fairy & rattled
fairy,run-away,2,fairy & run-away
fairy,sap-sipper,3,fairy & sap-sipper
fairy,serene-grace,3,fairy & serene-grace
fairy,sheer-force,1,fairy & sheer-force
fairy,shield-dust,3,fairy & shield-dust
fairy,snow-cloak,1,fairy & snow-cloak
fairy,snow-warning,1,fairy & snow-warning
fairy,soul-heart,2,fairy & soul-heart
fairy,soundproof,2,fairy & soundproof
fairy,sturdy,1,fairy & sturdy
fairy,super-luck,3,fairy & super-luck
fairy,sweet-veil,8,fairy & sweet-veil
fairy,symbiosis,4,fairy & symbiosis
fairy,synchronize,3,fairy & synchronize
fairy,technician,3,fairy & technician
fairy,telepathy,7,fairy & telepathy
fairy,thick-fat,3,fairy & thick-fat
fairy,torrent,1,fairy & torrent
fairy,toxic-chain,1,fairy & toxic-chain
fairy,trace,3,fairy & trace
fairy,triage,1,fairy & triage
fairy,unaware,1,fairy & unaware
fairy,unburden,2,fairy & unburden
fairy,well-baked-body,1,fairy & well-baked-body
fighting,adaptability,1,fighting & adaptability
fighting,anger-point,7,fighting & anger-point
fighting,anticipation,2,fighting & anticipation
fighting,battle-armor,1,fighting & battle-armor
fighting,beast-boost,2,fighting & beast-boost
fighting,blaze,6,fighting & blaze
fighting,bulletproof,4,fighting & bulletproof
fighting,chlorophyll,1,fighting & chlorophyll
fighting,costar,1,fighting & costar
fighting,cud-chew,3,fighting & cud-chew
fighting,cute-charm,1,fighting & cute-charm
fighting,damp,1,fighting & damp
fighting,dauntless-shield,2,fighting & dauntless-shield
fighting,defiant,6,fighting & defiant
fighting,dry-skin,2,fighting & dry-skin
fighting,effect-spore,1,fighting & effect-spore
fighting,fluffy,2,fighting & fluffy
fighting,guard-dog,1,fighting & guard-dog
fighting,guts,12,fighting & guts
fighting,hustle,1,fighting & hustle
fighting,hyper-cutter,2,fighting & hyper-cutter
fighting,inner-focus,11,fighting & inner-focus
fighting,intimidate,6,fighting & intimidate
fighting,iron-fist,12,fighting & iron-fist
fighting,justified,7,fighting & justified
fighting,keen-eye,2,fighting & keen-eye
fighting,klutz,2,fighting & klutz
fighting,leaf-guard,1,fighting & leaf-guard
fighting,limber,4,fighting & limber
fighting,mold-breaker,5,fighting & mold-breaker
fighting,moxie,4,fighting & moxie
fighting,natural-cure,2,fighting & natural-cure
fighting,no-guard,4,fighting & no-guard
fighting,orichalcum-pulse,10,fighting & orichalcum-pulse
fighting,overcoat,3,fighting & overcoat
fighting,overgrow,2,fighting & overgrow
fighting,pickpocket,1,fighting & pickpocket
fighting,poison-heal,1,fighting & poison-heal
fighting,poison-touch,3,fighting & poison-touch
fighting,prankster,1,fighting & prankster
fighting,pressure,1,fighting & pressure
fighting,protosynthesis,4,fighting & protosynthesis
fighting,pure-power,3,fighting & pure-power
fighting,quark-drive,4,fighting & quark-drive
fighting,receiver,1,fighting & receiver
fighting,reckless,4,fighting & reckless
fighting,regenerator,2,fighting & regenerator
fighting,scrappy,7,fighting & scrappy
fighting,serene-grace,1,fighting & serene-grace
fighting,sharpness,1,fighting & sharpness
fighting,shed-skin,2,fighting & shed-skin
fighting,sheer-force,5,fighting & sheer-force
fighting,skill-link,1,fighting & skill-link
fighting,soundproof,3,fighting & soundproof
fighting,speed-boost,3,fighting & speed-boost
fighting,steadfast,12,fighting & steadfast
fighting,sturdy,1,fighting & sturdy
fighting,swarm,1,fighting & swarm
fighting,swift-swim,1,fighting & swift-swim
fighting,tangled-feet,1,fighting & tangled-feet
fighting,technician,5,fighting & technician
fighting,telepathy,2,fighting & telepathy
fighting,thick-fat,3,fighting & thick-fat
fighting,torrent,1,fighting & torrent
fighting,toxic-chain,1,fighting & toxic-chain
fighting,unburden,3,fighting & unburden
fighting,unnerve,1,fighting & unnerve
fighting,unseen-fist,4,fighting & unseen-fist
fighting,vital-spirit,4,fighting & vital-spirit
fighting,volt-absorb,2,fighting & volt-absorb
fighting,water-absorb,1,fighting & water-absorb
fire,anger-point,2,fire & anger-point
fire,beads-of-ruin,2,fire & beads-of-ruin
fire,beast-boost,1,fire & beast-boost
fire,blaze,32,fire & blaze
fire,chlorophyll,1,fire & chlorophyll
fire,corrosion,3,fire & corrosion
fire,cud-chew,1,fire & cud-chew
fire,cursed-body,2,fire & cursed-body
fire,dancer,1,fire & dancer
fire,desolate-land,1,fire & desolate-land
fire,drought,4,fire & drought
fire,early-bird,2,fire & early-bird
fire,flame-body,23,fire & flame-body
fire,flash-fire,28,fire & flash-fire
fire,forecast,1,fire & forecast
fire,frisk,1,fire & frisk
fire,gale-wings,2,fire & gale-wings
fire,gluttony,3,fire & gluttony
fire,gorilla-tactics,1,fire & gorilla-tactics
fire,guts,1,fire & guts
fire,hustle,1,fire & hustle
fire,infiltrator,3,fire & infiltrator
fire,inner-focus,2,fire & inner-focus
fire,insomnia,1,fire & insomnia
fire,intimidate,8,fire & intimidate
fire,iron-fist,3,fire & iron-fist
fire,justified,2,fire & justified
fire,levitate,1,fire & levitate
fire,libero,4,fire & libero
fire,lightning-rod,2,fire & lightning-rod
fire,magician,3,fire & magician
fire,magma-armor,3,fire & magma-armor
fire,mold-breaker,1,fire & mold-breaker
fire,moody,1,fire & moody
fire,moxie,2,fire & moxie
fire,oblivious,4,fire & oblivious
fire,own-tempo,1,fire & own-tempo
fire,pressure,3,fire & pressure
fire,protosynthesis,1,fire & protosynthesis
fire,quark-drive,2,fire & quark-drive
fire,reckless,1,fire & reckless
fire,regenerator,1,fire & regenerator
fire,rivalry,2,fire & rivalry
fire,rock-head,4,fire & rock-head
fire,run-away,2,fire & run-away
fire,sheer-force,3,fire & sheer-force
fire,shell-armor,2,fire & shell-armor
fire,simple,1,fire & simple
fire,solar-power,5,fire & solar-power
fire,solid-rock,1,fire & solid-rock
fire,speed-boost,4,fire & speed-boost
fire,steam-engine,3,fire & steam-engine
fire,swarm,2,fire & swarm
fire,thick-fat,2,fire & thick-fat
fire,tough-claws,1,fire & tough-claws
fire,turboblaze,1,fire & turboblaze
fire,unaware,3,fire & unaware
fire,unnerve,4,fire & unnerve
fire,victory-star,1,fire & victory-star
fire,vital-spirit,3,fire & vital-spirit
fire,water-absorb,1,fire & water-absorb
fire,weak-armor,4,fire & weak-armor
fire,white-smoke,5,fire & white-smoke
fire,zen-mode,3,fire & zen-mode
flying,aerilate,2,flying & aerilate
flying,aftermath,2,flying & aftermath
flying,air-lock,1,flying & air-lock
flying,beast-boost,1,flying & beast-boost
flying,berserk,1,flying & berserk
flying,big-pecks,15,flying & big-pecks
flying,blaze,2,flying & blaze
flying,chlorophyll,4,flying & chlorophyll
flying,cloud-nine,2,flying & cloud-nine
flying,competitive,3,flying & competitive
flying,compound-eyes,4,flying & compound-eyes
flying,contrary,1,flying & contrary
flying,costar,1,flying & costar
flying,cute-charm,1,flying & cute-charm
flying,dancer,4,flying & dancer
flying,dark-aura,1,flying & dark-aura
flying,defeatist,2,flying & defeatist
flying,defiant,5,flying & defiant
flying,delta-stream,1,flying & delta-stream
flying,drizzle,1,flying & drizzle
flying,drought,1,flying & drought
flying,early-bird,6,flying & early-bird
flying,flame-body,3,flying & flame-body
flying,flare-boost,2,flying & flare-boost
flying,friend-guard,1,flying & friend-guard
flying,frisk,4,flying & frisk
flying,gale-wings,3,flying & gale-wings
flying,gulp-missile,3,flying & gulp-missile
flying,guts,4,flying & guts
flying,harvest,1,flying & harvest
flying,honey-gather,1,flying & honey-gather
flying,hustle,9,flying & hustle
flying,hydration,3,flying & hydration
flying,hyper-cutter,2,flying & hyper-cutter
flying,immunity,1,flying & immunity
flying,infiltrator,9,flying & infiltrator
flying,inner-focus,5,flying & inner-focus
flying,insomnia,5,flying & insomnia
flying,intimidate,10,flying & intimidate
flying,iron-fist,1,flying & iron-fist
flying,keen-eye,24,flying & keen-eye
flying,klutz,2,flying & klutz
flying,leaf-guard,3,flying & leaf-guard
flying,levitate,1,flying & levitate
flying,limber,1,flying & limber
flying,long-reach,2,flying & long-reach
flying,magic-bounce,2,flying & magic-bounce
flying,magic-guard,1,flying & magic-guard
flying,mirror-armor,2,flying & mirror-armor
flying,mold-breaker,1,flying & mold-breaker
flying,motor-drive,1,flying & motor-drive
flying,moxie,3,flying & moxie
flying,multiscale,2,flying & multiscale
flying,natural-cure,2,flying & natural-cure
flying,no-guard,1,flying & no-guard
flying,overcoat,3,flying & overcoat
flying,overgrow,2,flying & overgrow
flying,pickup,2,flying & pickup
flying,poison-heal,1,flying & poison-heal
flying,prankster,3,flying & prankster
flying,pressure,9,flying & pressure
flying,quark-drive,2,flying & quark-drive
flying,rain-dish,2,flying & rain-dish
flying,rattled,1,flying & rattled
flying,reckless,3,flying & reckless
flying,regenerator,2,flying & regenerator
flying,rivalry,4,flying & rivalry
flying,rock-head,1,flying & rock-head
flying,rocky-payload,1,flying & rocky-payload
flying,run-away,2,flying & run-away
flying,sand-force,1,flying & sand-force
flying,sand-veil,2,flying & sand-veil
flying,scrappy,3,flying & scrappy
flying,serene-grace,3,flying & serene-grace
flying,sheer-force,7,flying & sheer-force
flying,shield-dust,1,flying & shield-dust
flying,shields-down,14,flying & shields-down
flying,simple,2,flying & simple
flying,skill-link,3,flying & skill-link
flying,sniper,2,flying & sniper
flying,snow-cloak,1,flying & snow-cloak
flying,solar-power,3,flying & solar-power
flying,speed-boost,3,flying & speed-boost
flying,static,2,flying & static
flying,steadfast,1,flying & steadfast
flying,sturdy,1,flying & sturdy
flying,super-luck,7,flying & super-luck
flying,swarm,5,flying & swarm
flying,swift-swim,2,flying & swift-swim
flying,synchronize,2,flying & synchronize
flying,tangled-feet,7,flying & tangled-feet
flying,technician,1,flying & technician
flying,telepathy,2,flying & telepathy
flying,tinted-lens,8,flying & tinted-lens
flying,tough-claws,1,flying & tough-claws
flying,unaware,2,flying & unaware
flying,unburden,3,flying & unburden
flying,unnerve,7,flying & unnerve
flying,vital-spirit,1,flying & vital-spirit
flying,volt-absorb,3,flying & volt-absorb
flying,water-absorb,2,flying & water-absorb
flying,water-veil,2,flying & water-veil
flying,weak-armor,3,flying & weak-armor
flying,wind-power,2,flying & wind-power
flying,wonder-skin,1,flying & wonder-skin
ghost,adaptability,2,ghost & adaptability
ghost,aftermath,2,ghost & aftermath
ghost,as-one-spectrier,1,ghost & as-one-spectrier
ghost,beast-boost,1,ghost & beast-boost
ghost,blaze,2,ghost & blaze
ghost,clear-body,3,ghost & clear-body
ghost,cursed-body,15,ghost & cursed-body
ghost,damp,2,ghost & damp
ghost,dancer,1,ghost & dancer
ghost,defiant,1,ghost & defiant
ghost,disguise,4,ghost & disguise
ghost,flame-body,3,ghost & flame-body
ghost,flare-boost,2,ghost & flare-boost
ghost,flash-fire,4,ghost & flash-fire
ghost,fluffy,2,ghost & fluffy
ghost,frisk,16,ghost & frisk
ghost,good-as-gold,2,ghost & good-as-gold
ghost,grim-neigh,1,ghost & grim-neigh
ghost,harvest,2,ghost & harvest
ghost,heatproof,2,ghost & heatproof
ghost,hospitality,2,ghost & hospitality
ghost,illusion,2,ghost & illusion
ghost,infiltrator,9,ghost & infiltrator
ghost,inner-focus,1,ghost & inner-focus
ghost,insomnia,10,ghost & insomnia
ghost,iron-fist,2,ghost & iron-fist
ghost,keen-eye,1,ghost & keen-eye
ghost,klutz,2,ghost & klutz
ghost,levitate,7,ghost & levitate
ghost,lightning-rod,2,ghost & lightning-rod
ghost,long-reach,1,ghost & long-reach
ghost,magic-bounce,1,ghost & magic-bounce
ghost,magician,1,ghost & magician
ghost,mold-breaker,2,ghost & mold-breaker
ghost,mummy,2,ghost & mummy
ghost,natural-cure,2,ghost & natural-cure
ghost,no-guard,4,ghost & no-guard
ghost,overgrow,1,ghost & overgrow
ghost,perish-body,1,ghost & perish-body
ghost,pickup,9,ghost & pickup
ghost,poison-puppeteer,1,ghost & poison-puppeteer
ghost,prankster,2,ghost & prankster
ghost,pressure,4,ghost & pressure
ghost,prism-armor,1,ghost & prism-armor
ghost,protosynthesis,2,ghost & protosynthesis
ghost,rattled,2,ghost & rattled
ghost,rock-head,2,ghost & rock-head
ghost,run-away,2,ghost & run-away
ghost,sand-rush,1,ghost & sand-rush
ghost,sand-veil,2,ghost & sand-veil
ghost,shadow-shield,1,ghost & shadow-shield
ghost,shadow-tag,1,ghost & shadow-tag
ghost,snow-cloak,1,ghost & snow-cloak
ghost,stall,1,ghost & stall
ghost,stance-change,2,ghost & stance-change
ghost,steelworker,1,ghost & steelworker
ghost,swift-swim,2,ghost & swift-swim
ghost,technician,1,ghost & technician
ghost,telepathy,1,ghost & telepathy
ghost,unaware,1,ghost & unaware
ghost,unburden,2,ghost & unburden
ghost,vital-spirit,1,ghost & vital-spirit
ghost,wandering-spirit,2,ghost & wandering-spirit
ghost,water-absorb,2,ghost & water-absorb
ghost,water-compaction,2,ghost & water-compaction
ghost,weak-armor,5,ghost & weak-armor
ghost,wind-rider,2,ghost & wind-rider
ghost,wonder-guard,1,ghost & wonder-guard
grass,aftermath,2,grass & aftermath
grass,anticipation,2,grass & anticipation
grass,beast-boost,1,grass & beast-boost
grass,bulletproof,4,grass & bulletproof
grass,chlorophyll,39,grass & chlorophyll
grass,contrary,6,grass & contrary
grass,cotton-down,2,grass & cotton-down
grass,damp,2,grass & damp
grass,defiant,1,grass & defiant
grass,dry-skin,2,grass & dry-skin
grass,early-bird,6,grass & early-bird
grass,effect-spore,11,grass & effect-spore
grass,flower-gift,1,grass & flower-gift
grass,frisk,11,grass & frisk
grass,gluttony,11,grass & gluttony
grass,grass-pelt,2,grass & grass-pelt
grass,grassy-surge,5,grass & grassy-surge
grass,harvest,9,grass & harvest
grass,healer,1,grass & healer
grass,heatproof,2,grass & heatproof
grass,hospitality,2,grass & hospitality
grass,hustle,3,grass & hustle
grass,illuminate,2,grass & illuminate
grass,infiltrator,7,grass & infiltrator
grass,insomnia,10,grass & insomnia
grass,iron-barbs,2,grass & iron-barbs
grass,justified,1,grass & justified
grass,klutz,1,grass & klutz
grass,leaf-guard,23,grass & leaf-guard
grass,levitate,2,grass & levitate
grass,lightning-rod,1,grass & lightning-rod
grass,long-reach,3,grass & long-reach
grass,mold-breaker,1,grass & mold-breaker
grass,moody,1,grass & moody
grass,mycelium-might,4,grass & mycelium-might
grass,natural-cure,7,grass & natural-cure
grass,oblivious,2,grass & oblivious
grass,overcoat,4,grass & overcoat
grass,overgrow,32,grass & overgrow
grass,own-tempo,5,grass & own-tempo
grass,pickpocket,3,grass & pickpocket
grass,pickup,8,grass & pickup
grass,poison-heal,2,grass & poison-heal
grass,poison-point,3,grass & poison-point
grass,prankster,2,grass & prankster
grass,protean,3,grass & protean
grass,protosynthesis,2,grass & protosynthesis
grass,quark-drive,2,grass & quark-drive
grass,queenly-majesty,1,grass & queenly-majesty
grass,quick-feet,1,grass & quick-feet
grass,rain-dish,5,grass & rain-dish
grass,regenerator,7,grass & regenerator
grass,ripen,5,grass & ripen
grass,run-away,1,grass & run-away
grass,sand-veil,2,grass & sand-veil
grass,sap-sipper,4,grass & sap-sipper
grass,scrappy,1,grass & scrappy
grass,seed-sower,1,grass & seed-sower
grass,serene-grace,3,grass & serene-grace
grass,shell-armor,3,grass & shell-armor
grass,snow-warning,3,grass & snow-warning
grass,solar-power,3,grass & solar-power
grass,soundproof,4,grass & soundproof
grass,static,2,grass & static
grass,steelworker,1,grass & steelworker
grass,stench,1,grass & stench
grass,sticky-hold,2,grass & sticky-hold
grass,storm-drain,3,grass & storm-drain
grass,sturdy,1,grass & sturdy
grass,suction-cups,2,grass & suction-cups
grass,supersweet-syrup,2,grass & supersweet-syrup
grass,swarm,2,grass & swarm
grass,sweet-veil,3,grass & sweet-veil
grass,swift-swim,3,grass & swift-swim
grass,tablets-of-ruin,2,grass & tablets-of-ruin
grass,technician,2,grass & technician
grass,telepathy,1,grass & telepathy
grass,thick-fat,3,grass & thick-fat
grass,unburden,3,grass & unburden
grass,unnerve,1,grass & unnerve
grass,water-absorb,4,grass & water-absorb
grass,wind-rider,3,grass & wind-rider
ground,anger-point,4,ground & anger-point
ground,anticipation,3,ground & anticipation
ground,arena-trap,3,ground & arena-trap
ground,aura-break,2,ground & aura-break
ground,battle-armor,2,ground & battle-armor
ground,bulletproof,1,ground & bulletproof
ground,cheek-pouch,1,ground & cheek-pouch
ground,compound-eyes,1,ground & compound-eyes
ground,damp,4,ground & damp
ground,desolate-land,1,ground & desolate-land
ground,drought,1,ground & drought
ground,guts,2,ground & guts
ground,huge-power,1,ground & huge-power
ground,hydration,3,ground & hydration
ground,hyper-cutter,3,ground & hyper-cutter
ground,immunity,1,ground & immunity
ground,inner-focus,2,ground & inner-focus
ground,intimidate,4,ground & intimidate
ground,iron-fist,2,ground & iron-fist
ground,klutz,2,ground & klutz
ground,levitate,4,ground & levitate
ground,lightning-rod,5,ground & lightning-rod
ground,limber,1,ground & limber
ground,magma-armor,1,ground & magma-armor
ground,mimicry,1,ground & mimicry
ground,minds-eye,1,ground & minds-eye
ground,mold-breaker,2,ground & mold-breaker
ground,moxie,3,ground & moxie
ground,mycelium-might,4,ground & mycelium-might
ground,no-guard,2,ground & no-guard
ground,oblivious,6,ground & oblivious
ground,overcoat,1,ground & overcoat
ground,overgrow,1,ground & overgrow
ground,own-tempo,3,ground & own-tempo
ground,pickup,2,ground & pickup
ground,poison-heal,1,ground & poison-heal
ground,poison-point,4,ground & poison-point
ground,poison-touch,1,ground & poison-touch
ground,power-construct,3,ground & power-construct
ground,protosynthesis,4,ground & protosynthesis
ground,quark-drive,2,ground & quark-drive
ground,reckless,3,ground & reckless
ground,rivalry,2,ground & rivalry
ground,rock-head,9,ground & rock-head
ground,rough-skin,3,ground & rough-skin
ground,run-away,1,ground & run-away
ground,sand-force,12,ground & sand-force
ground,sand-rush,4,ground & sand-rush
ground,sand-spit,3,ground & sand-spit
ground,sand-stream,2,ground & sand-stream
ground,sand-veil,23,ground & sand-veil
ground,shed-skin,4,ground & shed-skin
ground,sheer-force,6,ground & sheer-force
ground,shell-armor,1,ground & shell-armor
ground,simple,1,ground & simple
ground,snow-cloak,3,ground & snow-cloak
ground,solid-rock,2,ground & solid-rock
ground,stamina,2,ground & stamina
ground,static,1,ground & static
ground,sticky-hold,1,ground & sticky-hold
ground,storm-drain,1,ground & storm-drain
ground,sturdy,6,ground & sturdy
ground,swift-swim,3,ground & swift-swim
ground,tangling-hair,2,ground & tangling-hair
ground,thick-fat,3,ground & thick-fat
ground,torrent,2,ground & torrent
ground,unaware,4,ground & unaware
ground,unnerve,1,ground & unnerve
ground,vessel-of-ruin,2,ground & vessel-of-ruin
ground,wandering-spirit,2,ground & wandering-spirit
ground,water-absorb,6,ground & water-absorb
ground,water-compaction,2,ground & water-compaction
ground,weak-armor,1,ground & weak-armor
ice,anger-point,1,ice & anger-point
ice,as-one-glastrier,1,ice & as-one-glastrier
ice,chilling-neigh,1,ice & chilling-neigh
ice,clear-body,1,ice & clear-body
ice,cursed-body,1,ice & cursed-body
ice,dry-skin,1,ice & dry-skin
ice,forecast,1,ice & forecast
ice,forewarn,2,ice & forewarn
ice,gorilla-tactics,2,ice & gorilla-tactics
ice,hustle,2,ice & hustle
ice,hydration,4,ice & hydration
ice,hyper-cutter,1,ice & hyper-cutter
ice,ice-body,20,ice & ice-body
ice,ice-face,2,ice & ice-face
ice,ice-scales,2,ice & ice-scales
ice,inner-focus,4,ice & inner-focus
ice,insomnia,1,ice & insomnia
ice,iron-fist,1,ice & iron-fist
ice,keen-eye,1,ice & keen-eye
ice,levitate,2,ice & levitate
ice,moody,2,ice & moody
ice,oblivious,8,ice & oblivious
ice,overcoat,1,ice & overcoat
ice,own-tempo,2,ice & own-tempo
ice,pickpocket,2,ice & pickpocket
ice,pressure,3,ice & pressure
ice,quark-drive,2,ice & quark-drive
ice,rattled,1,ice & rattled
ice,refrigerate,3,ice & refrigerate
ice,screen-cleaner,2,ice & screen-cleaner
ice,sheer-force,2,ice & sheer-force
ice,shell-armor,3,ice & shell-armor
ice,shield-dust,2,ice & shield-dust
ice,skill-link,1,ice & skill-link
ice,slush-rush,7,ice & slush-rush
ice,snow-cloak,15,ice & snow-cloak
ice,snow-warning,8,ice & snow-warning
ice,soundproof,2,ice & soundproof
ice,static,1,ice & static
ice,strong-jaw,1,ice & strong-jaw
ice,sturdy,3,ice & sturdy
ice,swift-swim,1,ice & swift-swim
ice,sword-of-ruin,2,ice & sword-of-ruin
ice,tangled-feet,1,ice & tangled-feet
ice,teravolt,1,ice & teravolt
ice,thermal-exchange,3,ice & thermal-exchange
ice,thick-fat,9,ice & thick-fat
ice,turboblaze,1,ice & turboblaze
ice,vital-spirit,2,ice & vital-spirit
ice,volt-absorb,1,ice & volt-absorb
ice,water-absorb,3,ice & water-absorb
ice,weak-armor,3,ice & weak-armor
ice,zen-mode,2,ice & zen-mode
normal,adaptability,7,normal & adaptability
normal,analytic,5,normal & analytic
normal,anger-point,1,normal & anger-point
normal,anticipation,3,normal & anticipation
normal,armor-tail,1,normal & armor-tail
normal,aroma-veil,2,normal & aroma-veil
normal,battle-armor,1,normal & battle-armor
normal,berserk,1,normal & berserk
normal,big-pecks,8,normal & big-pecks
normal,bulletproof,3,normal & bulletproof
normal,cheek-pouch,6,normal & cheek-pouch
normal,chlorophyll,2,normal & chlorophyll
normal,cloud-nine,4,normal & cloud-nine
normal,color-change,1,normal & color-change
normal,comatose,1,normal & comatose
normal,competitive,3,normal & competitive
normal,contrary,1,normal & contrary
normal,cud-chew,1,normal & cud-chew
normal,cute-charm,9,normal & cute-charm
normal,defiant,4,normal & defiant
normal,download,3,normal & download
normal,dry-skin,2,normal & dry-skin
normal,early-bird,6,normal & early-bird
normal,fluffy,4,normal & fluffy
normal,forecast,1,normal & forecast
normal,friend-guard,5,normal & friend-guard
normal,frisk,5,normal & frisk
normal,fur-coat,1,normal & fur-coat
normal,gale-wings,1,normal & gale-wings
normal,gluttony,15,normal & gluttony
normal,guts,9,normal & guts
normal,harvest,3,normal & harvest
normal,healer,4,normal & healer
normal,honey-gather,1,normal & honey-gather
normal,huge-power,3,normal & huge-power
normal,hustle,10,normal & hustle
normal,illuminate,1,normal & illuminate
normal,illusion,2,normal & illusion
normal,immunity,3,normal & immunity
normal,imposter,1,normal & imposter
normal,inner-focus,5,normal & inner-focus
normal,insomnia,2,normal & insomnia
normal,intimidate,11,normal & intimidate
normal,keen-eye,20,normal & keen-eye
normal,klutz,5,normal & klutz
normal,limber,5,normal & limber
normal,lingering-aroma,1,normal & lingering-aroma
normal,minds-eye,1,normal & minds-eye
normal,moody,3,normal & moody
normal,moxie,2,normal & moxie
normal,multitype,1,normal & multitype
normal,natural-cure,4,normal & natural-cure
normal,no-guard,1,normal & no-guard
normal,normalize,2,normal & normalize
normal,oblivious,2,normal & oblivious
normal,own-tempo,8,normal & own-tempo
normal,parental-bond,1,normal & parental-bond
normal,pickpocket,1,normal & pickpocket
normal,pickup,16,normal & pickup
normal,poison-touch,1,normal & poison-touch
normal,prankster,2,normal & prankster
normal,protean,1,normal & protean
normal,psychic-surge,2,normal & psychic-surge
normal,quick-feet,6,normal & quick-feet
normal,rattled,4,normal & rattled
normal,reckless,5,normal & reckless
normal,regenerator,2,normal & regenerator
normal,rivalry,5,normal & rivalry
normal,rks-system,1,normal & rks-system
normal,run-away,18,normal & run-away
normal,sand-rush,2,normal & sand-rush
normal,sand-veil,2,normal & sand-veil
normal,sap-sipper,10,normal & sap-sipper
normal,scrappy,9,normal & scrappy
normal,seed-sower,1,normal & seed-sower
normal,serene-grace,10,normal & serene-grace
normal,shed-skin,1,normal & shed-skin
normal,sheer-force,6,normal & sheer-force
normal,simple,2,normal & simple
normal,skill-link,7,normal & skill-link
normal,slow-start,1,normal & slow-start
normal,sniper,2,normal & sniper
normal,solar-power,2,normal & solar-power
normal,soundproof,4,normal & soundproof
normal,stakeout,3,normal & stakeout
normal,steadfast,1,normal & steadfast
normal,strong-jaw,3,normal & strong-jaw
normal,super-luck,3,normal & super-luck
normal,symbiosis,1,normal & symbiosis
normal,synchronize,2,normal & synchronize
normal,tangled-feet,7,normal & tangled-feet
normal,technician,9,normal & technician
normal,telepathy,1,normal & telepathy
normal,tera-shell,1,normal & tera-shell
normal,tera-shift,1,normal & tera-shift
normal,teraform-zero,1,normal & teraform-zero
normal,thick-fat,12,normal & thick-fat
normal,tinted-lens,2,normal & tinted-lens
normal,toxic-boost,1,normal & toxic-boost
normal,trace,2,normal & trace
normal,truant,2,normal & truant
normal,unaware,2,normal & unaware
normal,unburden,2,normal & unburden
normal,unnerve,8,normal & unnerve
normal,vital-spirit,2,normal & vital-spirit
normal,wonder-skin,2,normal & wonder-skin
poison,adaptability,3,poison & adaptability
poison,aftermath,5,poison & aftermath
poison,anticipation,2,poison & anticipation
poison,battle-armor,2,poison & battle-armor
poison,beast-boost,3,poison & beast-boost
poison,chlorophyll,10,poison & chlorophyll
poison,clear-body,2,poison & clear-body
poison,compound-eyes,2,poison & compound-eyes
poison,corrosion,5,poison & corrosion
poison,curious-medicine,1,poison & curious-medicine
poison,cursed-body,2,poison & cursed-body
poison,dry-skin,2,poison & dry-skin
poison,effect-spore,3,poison & effect-spore
poison,filter,1,poison & filter
poison,frisk,1,poison & frisk
poison,gluttony,7,poison & gluttony
poison,guard-dog,1,poison & guard-dog
poison,hustle,4,poison & hustle
poison,infiltrator,4,poison & infiltrator
poison,inner-focus,4,poison & inner-focus
poison,insomnia,2,poison & insomnia
poison,intimidate,5,poison & intimidate
poison,keen-eye,5,poison & keen-eye
poison,klutz,1,poison & klutz
poison,leaf-guard,2,poison & leaf-guard
poison,levitate,5,poison & levitate
poison,limber,2,poison & limber
poison,liquid-ooze,4,poison & liquid-ooze
poison,merciless,2,poison & merciless
poison,minus,2,poison & minus
poison,misty-surge,1,poison & misty-surge
poison,natural-cure,3,poison & natural-cure
poison,neutralizing-gas,3,poison & neutralizing-gas
poison,oblivious,3,poison & oblivious
poison,overcoat,2,poison & overcoat
poison,overgrow,4,poison & overgrow
poison,own-tempo,2,poison & own-tempo
poison,pickpocket,2,poison & pickpocket
poison,plus,2,poison & plus
poison,poison-point,19,poison & poison-point
poison,poison-puppeteer,1,poison & poison-puppeteer
poison,poison-touch,10,poison & poison-touch
poison,power-of-alchemy,2,poison & power-of-alchemy
poison,prankster,2,poison & prankster
poison,pressure,3,poison & pressure
poison,punk-rock,4,poison & punk-rock
poison,quark-drive,2,poison & quark-drive
poison,quick-draw,1,poison & quick-draw
poison,rain-dish,2,poison & rain-dish
poison,rattled,1,poison & rattled
poison,regenerator,6,poison & regenerator
poison,rivalry,6,poison & rivalry
poison,run-away,3,poison & run-away
poison,shadow-tag,1,poison & shadow-tag
poison,shed-skin,4,poison & shed-skin
poison,sheer-force,2,poison & sheer-force
poison,shield-dust,3,poison & shield-dust
poison,slow-start,1,poison & slow-start
poison,sniper,5,poison & sniper
poison,speed-boost,3,poison & speed-boost
poison,static,1,poison & static
poison,stench,10,poison & stench
poison,sticky-hold,5,poison & sticky-hold
poison,swarm,6,poison & swarm
poison,swift-swim,3,poison & swift-swim
poison,technician,6,poison & technician
poison,thick-fat,1,poison & thick-fat
poison,tinted-lens,2,poison & tinted-lens
poison,toxic-chain,3,poison & toxic-chain
poison,toxic-debris,2,poison & toxic-debris
poison,unaware,2,poison & unaware
poison,unburden,3,poison & unburden
poison,unnerve,2,poison & unnerve
poison,water-absorb,2,poison & water-absorb
poison,weak-armor,2,poison & weak-armor
poison,wonder-skin,1,poison & wonder-skin
psychic,analytic,3,psychic & analytic
psychic,anticipation,7,psychic & anticipation
psychic,armor-tail,1,psychic & armor-tail
psychic,as-one-glastrier,1,psychic & as-one-glastrier
psychic,as-one-spectrier,1,psychic & as-one-spectrier
psychic,blaze,1,psychic & blaze
psychic,chlorophyll,2,psychic & chlorophyll
psychic,clear-body,3,psychic & clear-body
psychic,competitive,5,psychic & competitive
psychic,compound-eyes,1,psychic & compound-eyes
psychic,contrary,2,psychic & contrary
psychic,cud-chew,1,psychic & cud-chew
psychic,curious-medicine,1,psychic & curious-medicine
psychic,dancer,1,psychic & dancer
psychic,dazzling,1,psychic & dazzling
psychic,dry-skin,1,psychic & dry-skin
psychic,early-bird,3,psychic & early-bird
psychic,filter,2,psychic & filter
psychic,flash-fire,1,psychic & flash-fire
psychic,forewarn,6,psychic & forewarn
psychic,frisk,9,psychic & frisk
psychic,full-metal-body,1,psychic & full-metal-body
psychic,gluttony,3,psychic & gluttony
psychic,harvest,2,psychic & harvest
psychic,healer,4,psychic & healer
psychic,heatproof,2,psychic & heatproof
psychic,heavy-metal,2,psychic & heavy-metal
psychic,hydration,1,psychic & hydration
psychic,ice-body,2,psychic & ice-body
psychic,illuminate,1,psychic & illuminate
psychic,infiltrator,5,psychic & infiltrator
psychic,inner-focus,9,psychic & inner-focus
psychic,insomnia,3,psychic & insomnia
psychic,intimidate,1,psychic & intimidate
psychic,justified,1,psychic & justified
psychic,keen-eye,4,psychic & keen-eye
psychic,klutz,2,psychic & klutz
psychic,levitate,17,psychic & levitate
psychic,light-metal,3,psychic & light-metal
psychic,magic-bounce,7,psychic & magic-bounce
psychic,magic-guard,7,psychic & magic-guard
psychic,magician,3,psychic & magician
psychic,mold-breaker,1,psychic & mold-breaker
psychic,multiscale,1,psychic & multiscale
psychic,natural-cure,2,psychic & natural-cure
psychic,neuroforce,1,psychic & neuroforce
psychic,oblivious,5,psychic & oblivious
psychic,opportunist,1,psychic & opportunist
psychic,overcoat,3,psychic & overcoat
psychic,own-tempo,10,psychic & own-tempo
psychic,pastel-veil,2,psychic & pastel-veil
psychic,pixilate,1,psychic & pixilate
psychic,prankster,1,psychic & prankster
psychic,pressure,6,psychic & pressure
psychic,prism-armor,3,psychic & prism-armor
psychic,protosynthesis,2,psychic & protosynthesis
psychic,psychic-surge,3,psychic & psychic-surge
psychic,pure-power,3,psychic & pure-power
psychic,quark-drive,4,psychic & quark-drive
psychic,quick-draw,1,psychic & quick-draw
psychic,regenerator,9,psychic & regenerator
psychic,run-away,2,psychic & run-away
psychic,sap-sipper,3,psychic & sap-sipper
psychic,screen-cleaner,2,psychic & screen-cleaner
psychic,serene-grace,2,psychic & serene-grace
psychic,shadow-shield,1,psychic & shadow-shield
psychic,shadow-tag,5,psychic & shadow-tag
psychic,sharpness,2,psychic & sharpness
psychic,sheer-force,2,psychic & sheer-force
psychic,shell-armor,1,psychic & shell-armor
psychic,simple,2,psychic & simple
psychic,soundproof,2,psychic & soundproof
psychic,speed-boost,2,psychic & speed-boost
psychic,steadfast,2,psychic & steadfast
psychic,strong-jaw,1,psychic & strong-jaw
psychic,sturdy,1,psychic & sturdy
psychic,suction-cups,2,psychic & suction-cups
psychic,surge-surfer,1,psychic & surge-surfer
psychic,swarm,3,psychic & swarm
psychic,symbiosis,1,psychic & symbiosis
psychic,synchronize,17,psychic & synchronize
psychic,tangled-feet,1,psychic & tangled-feet
psychic,technician,2,psychic & technician
psychic,telepathy,17,psychic & telepathy
psychic,thick-fat,2,psychic & thick-fat
psychic,tinted-lens,2,psychic & tinted-lens
psychic,tough-claws,1,psychic & tough-claws
psychic,toxic-chain,1,psychic & toxic-chain
psychic,trace,4,psychic & trace
psychic,unaware,3,psychic & unaware
psychic,unnerve,2,psychic & unnerve
psychic,victory-star,1,psychic & victory-star
psychic,vital-spirit,1,psychic & vital-spirit
psychic,weak-armor,1,psychic & weak-armor
psychic,wonder-skin,2,psychic & wonder-skin
psychic,zen-mode,1,psychic & zen-mode
rock,anger-shell,1,rock & anger-shell
rock,battle-armor,4,rock & battle-armor
rock,beast-boost,2,rock & beast-boost
rock,clear-body,6,rock & clear-body
rock,contrary,1,rock & contrary
rock,corrosion,2,rock & corrosion
rock,defeatist,2,rock & defeatist
rock,flame-body,4,rock & flame-body
rock,flash-fire,6,rock & flash-fire
rock,galvanize,3,rock & galvanize
rock,gluttony,1,rock & gluttony
rock,guts,1,rock & guts
rock,heatproof,1,rock & heatproof
rock,heavy-metal,3,rock & heavy-metal
rock,hustle,1,rock & hustle
rock,ice-body,1,rock & ice-body
rock,intimidate,2,rock & intimidate
rock,justified,1,rock & justified
rock,keen-eye,3,rock & keen-eye
rock,levitate,2,rock & levitate
rock,lightning-rod,3,rock & lightning-rod
rock,magic-bounce,1,rock & magic-bounce
rock,magma-armor,1,rock & magma-armor
rock,magnet-pull,5,rock & magnet-pull
rock,mold-breaker,2,rock & mold-breaker
rock,natural-cure,1,rock & natural-cure
rock,no-guard,1,rock & no-guard
rock,own-tempo,1,rock & own-tempo
rock,pickpocket,2,rock & pickpocket
rock,power-spot,1,rock & power-spot
rock,pressure,1,rock & pressure
rock,purifying-salt,3,rock & purifying-salt
rock,quark-drive,3,rock & quark-drive
rock,rattled,2,rock & rattled
rock,reckless,3,rock & reckless
rock,refrigerate,2,rock & refrigerate
rock,regenerator,2,rock & regenerator
rock,rock-head,16,rock & rock-head
rock,sand-force,5,rock & sand-force
rock,sand-rush,1,rock & sand-rush
rock,sand-stream,3,rock & sand-stream
rock,sand-veil,4,rock & sand-veil
rock,sharpness,1,rock & sharpness
rock,shed-skin,1,rock & shed-skin
rock,sheer-force,3,rock & sheer-force
rock,shell-armor,7,rock & shell-armor
rock,shields-down,14,rock & shields-down
rock,sniper,2,rock & sniper
rock,snow-warning,2,rock & snow-warning
rock,solid-rock,3,rock & solid-rock
rock,soundproof,2,rock & soundproof
rock,steadfast,2,rock & steadfast
rock,steam-engine,4,rock & steam-engine
rock,storm-drain,2,rock & storm-drain
rock,strong-jaw,5,rock & strong-jaw
rock,sturdy,33,rock & sturdy
rock,suction-cups,2,rock & suction-cups
rock,swarm,1,rock & swarm
rock,swift-swim,11,rock & swift-swim
rock,tough-claws,4,rock & tough-claws
rock,toxic-debris,2,rock & toxic-debris
rock,unnerve,2,rock & unnerve
rock,vital-spirit,2,rock & vital-spirit
rock,weak-armor,10,rock & weak-armor
steel,adaptability,1,steel & adaptability
steel,analytic,3,steel & analytic
steel,anticipation,2,steel & anticipation
steel,battle-armor,1,steel & battle-armor
steel,beast-boost,3,steel & beast-boost
steel,clear-body,7,steel & clear-body
steel,competitive,1,steel & competitive
steel,dauntless-shield,1,steel & dauntless-shield
steel,defiant,3,steel & defiant
steel,download,1,steel & download
steel,earth-eater,1,steel & earth-eater
steel,filter,2,steel & filter
steel,flame-body,1,steel & flame-body
steel,flash-fire,1,steel & flash-fire
steel,full-metal-body,1,steel & full-metal-body
steel,good-as-gold,2,steel & good-as-gold
steel,gooey,2,steel & gooey
steel,heatproof,2,steel & heatproof
steel,heavy-metal,10,steel & heavy-metal
steel,huge-power,1,steel & huge-power
steel,hustle,1,steel & hustle
steel,hyper-cutter,1,steel & hyper-cutter
steel,inner-focus,3,steel & inner-focus
steel,intimidate,1,steel & intimidate
steel,intrepid-sword,1,steel & intrepid-sword
steel,iron-barbs,4,steel & iron-barbs
steel,iron-fist,2,steel & iron-fist
steel,justified,2,steel & justified
steel,keen-eye,1,steel & keen-eye
steel,levitate,2,steel & levitate
steel,light-metal,7,steel & light-metal
steel,lightning-rod,2,steel & lightning-rod
steel,magician,1,steel & magician
steel,magnet-pull,5,steel & magnet-pull
steel,mimicry,1,steel & mimicry
steel,minus,3,steel & minus
steel,mirror-armor,2,steel & mirror-armor
steel,mold-breaker,4,steel & mold-breaker
steel,no-guard,2,steel & no-guard
steel,overcoat,5,steel & overcoat
steel,own-tempo,3,steel & own-tempo
steel,pickpocket,3,steel & pickpocket
steel,pickup,1,steel & pickup
steel,plus,3,steel & plus
steel,prankster,1,steel & prankster
steel,pressure,7,steel & pressure
steel,prism-armor,1,steel & prism-armor
steel,quark-drive,3,steel & quark-drive
steel,rock-head,4,steel & rock-head
steel,sand-force,5,steel & sand-force
steel,sand-rush,1,steel & sand-rush
steel,sand-veil,3,steel & sand-veil
steel,sap-sipper,2,steel & sap-sipper
steel,serene-grace,1,steel & serene-grace
steel,sheer-force,5,steel & sheer-force
steel,shell-armor,3,steel & shell-armor
steel,slow-start,1,steel & slow-start
steel,slush-rush,2,steel & slush-rush
steel,snow-cloak,2,steel & snow-cloak
steel,soul-heart,2,steel & soul-heart
steel,soundproof,2,steel & soundproof
steel,stalwart,3,steel & stalwart
steel,stamina,1,steel & stamina
steel,stance-change,2,steel & stance-change
steel,steadfast,1,steel & steadfast
steel,steely-spirit,1,steel & steely-spirit
steel,sturdy,15,steel & sturdy
steel,supreme-overlord,1,steel & supreme-overlord
steel,swarm,3,steel & swarm
steel,tangling-hair,2,steel & tangling-hair
steel,technician,2,steel & technician
steel,telepathy,2,steel & telepathy
steel,torrent,1,steel & torrent
steel,tough-claws,3,steel & tough-claws
steel,truant,1,steel & truant
steel,unnerve,3,steel & unnerve
steel,weak-armor,1,steel & weak-armor
water,adaptability,9,water & adaptability
water,analytic,2,water & analytic
water,anger-point,1,water & anger-point
water,anticipation,2,water & anticipation
water,battle-armor,2,water & battle-armor
water,battle-bond,2,water & battle-bond
water,big-pecks,2,water & big-pecks
water,clear-body,2,water & clear-body
water,cloud-nine,2,water & cloud-nine
water,commander,3,water & commander
water,competitive,4,water & competitive
water,cud-chew,1,water & cud-chew
water,cursed-body,2,water & cursed-body
water,cute-charm,1,water & cute-charm
water,damp,16,water & damp
water,dazzling,1,water & dazzling
water,drizzle,3,water & drizzle
water,emergency-exit,1,water & emergency-exit
water,forecast,1,water & forecast
water,gluttony,2,water & gluttony
water,gooey,2,water & gooey
water,gulp-missile,3,water & gulp-missile
water,healer,1,water & healer
water,huge-power,2,water & huge-power
water,hustle,2,water & hustle
water,hydration,17,water & hydration
water,hyper-cutter,5,water & hyper-cutter
water,ice-body,6,water & ice-body
water,illuminate,4,water & illuminate
water,innards-out,1,water & innards-out
water,inner-focus,1,water & inner-focus
water,intimidate,3,water & intimidate
water,justified,2,water & justified
water,keen-eye,4,water & keen-eye
water,levitate,1,water & levitate
water,lightning-rod,2,water & lightning-rod
water,limber,2,water & limber
water,liquid-ooze,2,water & liquid-ooze
water,liquid-voice,3,water & liquid-voice
water,marvel-scale,1,water & marvel-scale
water,mega-launcher,3,water & mega-launcher
water,merciless,2,water & merciless
water,misty-surge,1,water & misty-surge
water,mold-breaker,7,water & mold-breaker
water,moody,3,water & moody
water,moxie,4,water & moxie
water,natural-cure,3,water & natural-cure
water,oblivious,12,water & oblivious
water,overcoat,2,water & overcoat
water,own-tempo,6,water & own-tempo
water,pickpocket,2,water & pickpocket
water,poison-point,3,water & poison-point
water,poison-touch,2,water & poison-touch
water,pressure,5,water & pressure
water,primordial-sea,1,water & primordial-sea
water,propeller-tail,2,water & propeller-tail
water,protean,3,water & protean
water,protosynthesis,2,water & protosynthesis
water,quark-drive,2,water & quark-drive
water,rain-dish,12,water & rain-dish
water,rattled,5,water & rattled
water,reckless,1,water & reckless
water,regenerator,7,water & regenerator
water,rock-head,2,water & rock-head
water,rough-skin,2,water & rough-skin
water,sand-force,2,water & sand-force
water,sand-rush,1,water & sand-rush
water,sand-veil,2,water & sand-veil
water,sap-sipper,2,water & sap-sipper
water,schooling,2,water & schooling
water,sharpness,2,water & sharpness
water,sheer-force,6,water & sheer-force
water,shell-armor,19,water & shell-armor
water,simple,1,water & simple
water,skill-link,2,water & skill-link
water,slush-rush,1,water & slush-rush
water,sniper,11,water & sniper
water,solid-rock,2,water & solid-rock
water,speed-boost,2,water & speed-boost
water,sticky-hold,2,water & sticky-hold
water,storm-drain,7,water & storm-drain
water,strong-jaw,6,water & strong-jaw
water,sturdy,3,water & sturdy
water,suction-cups,1,water & suction-cups
water,swift-swim,43,water & swift-swim
water,telepathy,3,water & telepathy
water,thick-fat,7,water & thick-fat
water,torrent,32,water & torrent
water,tough-claws,2,water & tough-claws
water,unaware,5,water & unaware
water,unseen-fist,2,water & unseen-fist
water,volt-absorb,2,water & volt-absorb
water,water-absorb,25,water & water-absorb
water,water-bubble,3,water & water-bubble
water,water-veil,14,water & water-veil
water,weak-armor,4,water & weak-armor
water,wimp-out,1,water & wimp-out
water,wonder-skin,1,water & wonder-skin
water,zero-to-hero,4,water & zero-to-hero
